{
    "avg_prec": {
        "train": 0.8625995138204043,
        "test": 0.771717594474973
    },
    "roc_auc": {
        "train": 0.965015049158904,
        "test": 0.952804686871935
    }
}
